[{"pk": 1, "model": "tutorials.quiz", "fields": {"semester": "S10", "num": 1, "quiz_date": null}}, {"pk": 2, "model": "tutorials.quiz", "fields": {"semester": "S10", "num": 2, "quiz_date": null}}, {"pk": 3, "model": "tutorials.quiz", "fields": {"semester": "S10", "num": 3, "quiz_date": null}}, {"pk": 4, "model": "tutorials.quiz", "fields": {"semester": "S10", "num": 4, "quiz_date": null}}, {"pk": 5, "model": "tutorials.quiz", "fields": {"semester": "S10", "num": 5, "quiz_date": null}}, {"pk": 1, "model": "tutorials.lab", "fields": {"submit_due_date": "2010-02-19 06:00:00", "semester": "S10", "num": 1, "max_score": 3.0, "checkoff_due_date": "2010-02-25 23:59:59"}}, {"pk": 2, "model": "tutorials.lab", "fields": {"submit_due_date": "2010-02-25 06:00:00", "semester": "S10", "num": 2, "max_score": 5.0, "checkoff_due_date": "2010-03-04 23:59:59"}}, {"pk": 3, "model": "tutorials.lab", "fields": {"submit_due_date": "2010-03-04 06:00:00", "semester": "S10", "num": 3, "max_score": 10.0, "checkoff_due_date": "2010-03-11 23:59:59"}}, {"pk": 4, "model": "tutorials.lab", "fields": {"submit_due_date": "2010-03-18 06:00:00", "semester": "S10", "num": 4, "max_score": 4.0, "checkoff_due_date": "2010-04-01 23:59:59"}}, {"pk": 5, "model": "tutorials.lab", "fields": {"submit_due_date": "2010-04-01 06:00:00", "semester": "S10", "num": 5, "max_score": 6.0, "checkoff_due_date": "2010-04-08 23:59:59"}}, {"pk": 6, "model": "tutorials.lab", "fields": {"submit_due_date": "2010-04-15 06:00:00", "semester": "S10", "num": 6, "max_score": 25.0, "checkoff_due_date": "2010-04-22 23:59:59"}}, {"pk": 7, "model": "tutorials.lab", "fields": {"submit_due_date": "2010-04-29 06:00:00", "semester": "S10", "num": 7, "max_score": 7.0, "checkoff_due_date": "2010-05-06 23:59:59"}}, {"pk": 8, "model": "tutorials.lab", "fields": {"submit_due_date": "2010-05-06 06:00:00", "semester": "S10", "num": 8, "max_score": 15.0, "checkoff_due_date": "2010-05-06 23:59:59"}}, {"pk": 9, "model": "tutorials.lab", "fields": {"submit_due_date": "2010-05-12 06:00:00", "semester": "S10", "num": 9, "max_score": 10.0, "checkoff_due_date": "2010-05-06 23:59:59"}}, {"pk": 1, "model": "tutorials.publicvideo", "fields": {"description": "", "author": 7, "file_name": "S10_Q1_P3.mov", "title": "Static Discipline", "semester": "S10", "file": "caitlinj/OldQuiz/S10/S10_Q1_P3_.mov", "time": "2010-08-27 10:13:31", "type": "OldQuiz"}}, {"pk": 3, "model": "tutorials.publicvideo", "fields": {"description": "", "author": 7, "file_name": "S10_Q1_P2.mov", "title": "Timothy Leary's Calendar App", "semester": "S10", "file": "caitlinj/OldQuiz/S10/S10_Q1_P2_.mov", "time": "2010-08-27 10:13:32", "type": "OldQuiz"}}, {"pk": 4, "model": "tutorials.publicvideo", "fields": {"description": "", "author": 7, "file_name": "S10_S1_P4.mov", "title": "Deja Vu", "semester": "S10", "file": "caitlinj/OldQuiz/S10/S10_S1_P4_.mov", "time": "2010-08-27 10:13:32", "type": "OldQuiz"}}, {"pk": 5, "model": "tutorials.publicvideo", "fields": {"description": "", "author": 7, "file_name": "S10_Q2_P2-2.mov", "title": "", "semester": "S10", "file": "caitlinj/OldQuiz/S10/S10_Q2_P2-2_.mov", "time": "2010-08-27 10:13:33", "type": "OldQuiz"}}, {"pk": 6, "model": "tutorials.publicvideo", "fields": {"description": "", "author": 13, "file_name": "L05.mov", "title": "", "semester": "S07", "file": "cjt/Lecture/S07/L05_.mov", "time": "2010-08-27 10:13:33", "type": "Lecture"}}, {"pk": 7, "model": "tutorials.publicvideo", "fields": {"description": "", "author": 13, "file_name": "L04.mov", "title": "", "semester": "S07", "file": "cjt/Lecture/S07/L04_.mov", "time": "2010-08-27 10:13:33", "type": "Lecture"}}, {"pk": 8, "model": "tutorials.publicvideo", "fields": {"description": "", "author": 13, "file_name": "L14.mov", "title": "", "semester": "S07", "file": "cjt/Lecture/S07/L14_.mov", "time": "2010-08-27 10:13:34", "type": "Lecture"}}, {"pk": 9, "model": "tutorials.publicvideo", "fields": {"description": "", "author": 13, "file_name": "L17.mov", "title": "", "semester": "S07", "file": "cjt/Lecture/S07/L17_.mov", "time": "2010-08-27 10:13:34", "type": "Lecture"}}, {"pk": 10, "model": "tutorials.publicvideo", "fields": {"description": "", "author": 13, "file_name": "L07.mov", "title": "", "semester": "S07", "file": "cjt/Lecture/S07/L07_.mov", "time": "2010-08-27 10:13:35", "type": "Lecture"}}, {"pk": 11, "model": "tutorials.publicvideo", "fields": {"description": "", "author": 13, "file_name": "L19.mov", "title": "", "semester": "S07", "file": "cjt/Lecture/S07/L19_.mov", "time": "2010-08-27 10:13:35", "type": "Lecture"}}, {"pk": 12, "model": "tutorials.publicvideo", "fields": {"description": "", "author": 13, "file_name": "L10.mov", "title": "", "semester": "S07", "file": "cjt/Lecture/S07/L10_.mov", "time": "2010-08-27 10:13:36", "type": "Lecture"}}, {"pk": 13, "model": "tutorials.publicvideo", "fields": {"description": "", "author": 13, "file_name": "L20.mov", "title": "", "semester": "S07", "file": "cjt/Lecture/S07/L20_.mov", "time": "2010-08-27 10:13:37", "type": "Lecture"}}, {"pk": 14, "model": "tutorials.publicvideo", "fields": {"description": "", "author": 13, "file_name": "L23.mov", "title": "", "semester": "S07", "file": "cjt/Lecture/S07/L23_.mov", "time": "2010-08-27 10:13:38", "type": "Lecture"}}, {"pk": 15, "model": "tutorials.publicvideo", "fields": {"description": "", "author": 13, "file_name": "L08.mov", "title": "", "semester": "S07", "file": "cjt/Lecture/S07/L08_.mov", "time": "2010-08-27 10:13:38", "type": "Lecture"}}, {"pk": 16, "model": "tutorials.publicvideo", "fields": {"description": "", "author": 13, "file_name": "L11.mov", "title": "", "semester": "S07", "file": "cjt/Lecture/S07/L11_.mov", "time": "2010-08-27 10:13:39", "type": "Lecture"}}, {"pk": 17, "model": "tutorials.publicvideo", "fields": {"description": "", "author": 13, "file_name": "L06.mov", "title": "", "semester": "S07", "file": "cjt/Lecture/S07/L06_.mov", "time": "2010-08-27 10:13:39", "type": "Lecture"}}, {"pk": 18, "model": "tutorials.publicvideo", "fields": {"description": "", "author": 13, "file_name": "L22.mov", "title": "", "semester": "S07", "file": "cjt/Lecture/S07/L22_.mov", "time": "2010-08-27 10:13:40", "type": "Lecture"}}, {"pk": 19, "model": "tutorials.publicvideo", "fields": {"description": "", "author": 13, "file_name": "L09.mov", "title": "", "semester": "S07", "file": "cjt/Lecture/S07/L09_.mov", "time": "2010-08-27 10:13:41", "type": "Lecture"}}, {"pk": 20, "model": "tutorials.publicvideo", "fields": {"description": "", "author": 13, "file_name": "L15.mov", "title": "", "semester": "S07", "file": "cjt/Lecture/S07/L15_.mov", "time": "2010-08-27 10:13:41", "type": "Lecture"}}, {"pk": 21, "model": "tutorials.publicvideo", "fields": {"description": "", "author": 13, "file_name": "L24.mov", "title": "", "semester": "S07", "file": "cjt/Lecture/S07/L24_.mov", "time": "2010-08-27 10:13:42", "type": "Lecture"}}, {"pk": 22, "model": "tutorials.publicvideo", "fields": {"description": "", "author": 13, "file_name": "L16.mov", "title": "", "semester": "S07", "file": "cjt/Lecture/S07/L16_.mov", "time": "2010-08-27 10:13:42", "type": "Lecture"}}, {"pk": 23, "model": "tutorials.publicvideo", "fields": {"description": "", "author": 13, "file_name": "L21.mov", "title": "", "semester": "S07", "file": "cjt/Lecture/S07/L21_.mov", "time": "2010-08-27 10:13:43", "type": "Lecture"}}, {"pk": 24, "model": "tutorials.publicvideo", "fields": {"description": "", "author": 13, "file_name": "L03.mov", "title": "", "semester": "S07", "file": "cjt/Lecture/S07/L03_.mov", "time": "2010-08-27 10:13:43", "type": "Lecture"}}, {"pk": 25, "model": "tutorials.publicvideo", "fields": {"description": "", "author": 13, "file_name": "L18.mov", "title": "", "semester": "S07", "file": "cjt/Lecture/S07/L18_.mov", "time": "2010-08-27 10:13:45", "type": "Lecture"}}, {"pk": 1, "model": "tutorials.annotation", "fields": {"stop_percent": 100.0, "video": 6, "start_percent": 0.0}}, {"pk": 2, "model": "tutorials.annotation", "fields": {"stop_percent": 100.0, "video": 7, "start_percent": 0.0}}, {"pk": 3, "model": "tutorials.annotation", "fields": {"stop_percent": 100.0, "video": 8, "start_percent": 0.0}}, {"pk": 4, "model": "tutorials.annotation", "fields": {"stop_percent": 100.0, "video": 9, "start_percent": 0.0}}, {"pk": 5, "model": "tutorials.annotation", "fields": {"stop_percent": 100.0, "video": 10, "start_percent": 0.0}}, {"pk": 6, "model": "tutorials.annotation", "fields": {"stop_percent": 100.0, "video": 11, "start_percent": 0.0}}, {"pk": 7, "model": "tutorials.annotation", "fields": {"stop_percent": 100.0, "video": 12, "start_percent": 0.0}}, {"pk": 8, "model": "tutorials.annotation", "fields": {"stop_percent": 100.0, "video": 13, "start_percent": 0.0}}, {"pk": 9, "model": "tutorials.annotation", "fields": {"stop_percent": 100.0, "video": 14, "start_percent": 0.0}}, {"pk": 10, "model": "tutorials.annotation", "fields": {"stop_percent": 100.0, "video": 14, "start_percent": 0.0}}, {"pk": 11, "model": "tutorials.annotation", "fields": {"stop_percent": 100.0, "video": 15, "start_percent": 0.0}}, {"pk": 12, "model": "tutorials.annotation", "fields": {"stop_percent": 100.0, "video": 16, "start_percent": 0.0}}, {"pk": 13, "model": "tutorials.annotation", "fields": {"stop_percent": 100.0, "video": 17, "start_percent": 0.0}}, {"pk": 14, "model": "tutorials.annotation", "fields": {"stop_percent": 100.0, "video": 18, "start_percent": 0.0}}, {"pk": 15, "model": "tutorials.annotation", "fields": {"stop_percent": 100.0, "video": 19, "start_percent": 0.0}}, {"pk": 16, "model": "tutorials.annotation", "fields": {"stop_percent": 100.0, "video": 19, "start_percent": 0.0}}, {"pk": 17, "model": "tutorials.annotation", "fields": {"stop_percent": 100.0, "video": 20, "start_percent": 0.0}}, {"pk": 18, "model": "tutorials.annotation", "fields": {"stop_percent": 100.0, "video": 21, "start_percent": 0.0}}, {"pk": 19, "model": "tutorials.annotation", "fields": {"stop_percent": 100.0, "video": 22, "start_percent": 0.0}}, {"pk": 20, "model": "tutorials.annotation", "fields": {"stop_percent": 100.0, "video": 23, "start_percent": 0.0}}, {"pk": 21, "model": "tutorials.annotation", "fields": {"stop_percent": 100.0, "video": 24, "start_percent": 0.0}}, {"pk": 22, "model": "tutorials.annotation", "fields": {"stop_percent": 100.0, "video": 25, "start_percent": 0.0}}, {"pk": 23, "model": "tutorials.annotation", "fields": {"stop_percent": 100.0, "video": 1, "start_percent": 0.0}}, {"pk": 24, "model": "tutorials.annotation", "fields": {"stop_percent": 100.0, "video": 1, "start_percent": 0.0}}, {"pk": 25, "model": "tutorials.annotation", "fields": {"stop_percent": 100.0, "video": 4, "start_percent": 0.0}}, {"pk": 26, "model": "tutorials.annotation", "fields": {"stop_percent": 100.0, "video": 4, "start_percent": 0.0}}, {"pk": 27, "model": "tutorials.annotation", "fields": {"stop_percent": 100.0, "video": 3, "start_percent": 0.0}}, {"pk": 1, "model": "tutorials.topicassignment", "fields": {"topic": "SequentialLogic"}}, {"pk": 2, "model": "tutorials.topicassignment", "fields": {"topic": "SynthesisOfCombinationalLogic"}}, {"pk": 3, "model": "tutorials.topicassignment", "fields": {"topic": "BuildingTheBeta"}}, {"pk": 4, "model": "tutorials.topicassignment", "fields": {"topic": "VirtualMemory"}}, {"pk": 5, "model": "tutorials.topicassignment", "fields": {"topic": "SynchronizationAndMetastability"}}, {"pk": 6, "model": "tutorials.topicassignment", "fields": {"topic": "DevicesInterruptsAndRealTime"}}, {"pk": 7, "model": "tutorials.topicassignment", "fields": {"topic": "Programmability"}}, {"pk": 8, "model": "tutorials.topicassignment", "fields": {"topic": "DevicesInterruptsAndRealTime"}}, {"pk": 9, "model": "tutorials.topicassignment", "fields": {"topic": "PipelinedBeta"}}, {"pk": 10, "model": "tutorials.topicassignment", "fields": {"topic": "Pipelining"}}, {"pk": 11, "model": "tutorials.topicassignment", "fields": {"topic": "Pipelining"}}, {"pk": 12, "model": "tutorials.topicassignment", "fields": {"topic": "MachineLanguage"}}, {"pk": 13, "model": "tutorials.topicassignment", "fields": {"topic": "FMSs"}}, {"pk": 14, "model": "tutorials.topicassignment", "fields": {"topic": "PipelinedBeta"}}, {"pk": 15, "model": "tutorials.topicassignment", "fields": {"topic": "Pipelining"}}, {"pk": 16, "model": "tutorials.topicassignment", "fields": {"topic": "ModelsOfComputation"}}, {"pk": 17, "model": "tutorials.topicassignment", "fields": {"topic": "MemoryHierarchy"}}, {"pk": 18, "model": "tutorials.topicassignment", "fields": {"topic": "ProgrammableMachines"}}, {"pk": 19, "model": "tutorials.topicassignment", "fields": {"topic": "Caches"}}, {"pk": 20, "model": "tutorials.topicassignment", "fields": {"topic": "Semaphores"}}, {"pk": 21, "model": "tutorials.topicassignment", "fields": {"topic": "CMOSTechnology"}}, {"pk": 22, "model": "tutorials.topicassignment", "fields": {"topic": "VirtualMachines"}}, {"pk": 23, "model": "tutorials.topicassignment", "fields": {"topic": "GatesAndBooleanLogic"}}, {"pk": 24, "model": "tutorials.topicassignment", "fields": {"topic": "TheDigitalAbstraction"}}, {"pk": 25, "model": "tutorials.topicassignment", "fields": {"topic": "GatesAndBooleanLogic"}}, {"pk": 26, "model": "tutorials.topicassignment", "fields": {"topic": "SynthesisOfCombinationalLogic"}}, {"pk": 27, "model": "tutorials.topicassignment", "fields": {"topic": "BasicsOfInformation"}}, {"pk": "benbit", "model": "tutorials.userprofile", "fields": {"student_id": null, "user": 3, "favorites": []}}, {"pk": "aphacker", "model": "tutorials.userprofile", "fields": {"student_id": null, "user": 4, "favorites": []}}, {"pk": "chipahoy", "model": "tutorials.userprofile", "fields": {"student_id": null, "user": 5, "favorites": []}}, {"pk": "alogue", "model": "tutorials.userprofile", "fields": {"student_id": null, "user": 6, "favorites": []}}, {"pk": "ward", "model": "tutorials.userprofile", "fields": {"student_id": null, "user": 8, "favorites": []}}, {"pk": "cjt", "model": "tutorials.userprofile", "fields": {"student_id": null, "user": 13, "favorites": []}}, {"pk": "caitlinj", "model": "tutorials.userprofile", "fields": {"student_id": null, "user": 7, "favorites": []}}, {"pk": "sneuman", "model": "tutorials.userprofile", "fields": {"student_id": null, "user": 9, "favorites": []}}, {"pk": "kelleyk", "model": "tutorials.userprofile", "fields": {"student_id": null, "user": 11, "favorites": []}}, {"pk": "sarina", "model": "tutorials.userprofile", "fields": {"student_id": null, "user": 10, "favorites": []}}, {"pk": "dcrowell", "model": "tutorials.userprofile", "fields": {"student_id": null, "user": 12, "favorites": []}}, {"pk": "renminbi", "model": "tutorials.userprofile", "fields": {"student_id": null, "user": 14, "favorites": []}}, {"pk": "bbasham", "model": "tutorials.userprofile", "fields": {"student_id": null, "user": 15, "favorites": []}}, {"pk": "colosimo", "model": "tutorials.userprofile", "fields": {"student_id": null, "user": 16, "favorites": []}}, {"pk": "kasittig", "model": "tutorials.userprofile", "fields": {"student_id": null, "user": 17, "favorites": []}}, {"pk": "drews", "model": "tutorials.userprofile", "fields": {"student_id": null, "user": 18, "favorites": []}}, {"pk": "caitlin", "model": "tutorials.userprofile", "fields": {"student_id": null, "user": 2, "favorites": []}}]
